DO NOT USE	Batch User	Batch Name	Seq ID	*Model Name	*Model ID	*Model Version	Element Long  Name	*Element Physical Name	Element Description	Element Type	Characteristic Long Name	*Characteristic Physical Name	Characteristic Order	Characteristic Description	Characteristic Type	Characteristic Min Length	Characteristic Max Length	Characteristic Data Type	Characteristic UOM	Characteristic Mandatory?	Characteristic PK?	Characteristic Default	CDE ID	CDE Version	Element Mapping Group	Characteristic FK?	FK Element Name	FK Element Characteristic Name	Comments
	pihl	CDS Batch 2	1	CDS Data Model		3.0.0	program	program		Node	program_name	program_name		The name of the program under which related studies will be grouped in full text and unabbreviated form exactly as it will be displayed within the UI 	Property			string		Yes			11444542	1 00					
	pihl	CDS Batch 2	2	CDS Data Model		3.0.0	program	program		Node	program_acronym	program_acronym		The name of the program under which related studies will be grouped expressed in the form of the acronym by which it will identified within the UI br This property is used as the key via which study records can be associated with the appropriate program during data loading and to identify the correct records during data updates 	Property			string		Yes					program				
	pihl	CDS Batch 2	3	CDS Data Model		3.0.0	program	program		Node	program_short_description	program_short_description		An abbreviated single sentence description of the program 	Property			string							program				
	pihl	CDS Batch 2	4	CDS Data Model		3.0.0	program	program		Node	program_full_description	program_full_description		A more detailed multiple sentence description of the program 	Property			string							program				
	pihl	CDS Batch 2	5	CDS Data Model		3.0.0	program	program		Node	program_external_url	program_external_url		The external url to which users should be directed in order to learn more about the program 	Property			string							program				
	pihl	CDS Batch 2	6	CDS Data Model		3.0.0	program	program		Node	program_sort_order	program_sort_order		An arbitrarily assigned value used to dictate the order in which programs are displayed within the application s UI 	Property			integer		No					program				
	pihl	CDS Batch 2	7	CDS Data Model		3.0.0	program	program		Node	institution	institution		TBD	Property			String							program				
	pihl	CDS Batch 2	8	CDS Data Model		3.0.0	program	program		Node	crdc_id	crdc_id		The crdc_id is a unique identifier that is generated by Data Hub	Property			string							program				
	pihl	CDS Batch 2	9	CDS Data Model		3.0.0	study	study		Node	study_name	study_name		Official name of study	Property			string		Yes			11459810	1 00					
	pihl	CDS Batch 2	10	CDS Data Model		3.0.0	study	study		Node	study_acronym	study_acronym		Short acronym or other study desginator	Property			string					11459812	1 00					
	pihl	CDS Batch 2	11	CDS Data Model		3.0.0	study	study		Node	study_description	study_description		Human readable study description	Property			string							study				
	pihl	CDS Batch 2	12	CDS Data Model		3.0.0	study	study		Node	short_description	short_description		Short description that will identify the dataset on public pages A clear and concise formula for the title would be like methodology of organism sample info 	Property			string							study				
	pihl	CDS Batch 2	13	CDS Data Model		3.0.0	study	study		Node	study_external_url	study_external_url		Website or other url relevant to study	Property			url							study				
	pihl	CDS Batch 2	14	CDS Data Model		3.0.0	study	study		Node	primary_investigator_name	primary_investigator_name		Name of principal investigator	Property			string							study				
	pihl	CDS Batch 2	15	CDS Data Model		3.0.0	study	study		Node	primary_investigator_email	primary_investigator_email		Email of principal investigator	Property			string							study				
	pihl	CDS Batch 2	16	CDS Data Model		3.0.0	study	study		Node	co_investigator_name	co_investigator_name		Name of co principal investigator	Property			string							study				
	pihl	CDS Batch 2	17	CDS Data Model		3.0.0	study	study		Node	co_investigator_email	co_investigator_email		Email of co principal investigator	Property			string							study				
	pihl	CDS Batch 2	18	CDS Data Model		3.0.0	study	study		Node	phs_accession	phs_accession		PHS accession number a k a dbGaP accession 	Property					Yes			11524544	1 00					
	pihl	CDS Batch 2	19	CDS Data Model		3.0.0	study	study		Node	bioproject_accession	bioproject_accession		NCBI BioProject accession ID	Property										study				
	pihl	CDS Batch 2	20	CDS Data Model		3.0.0	study	study		Node	index_date	index_date		Index date Day 0 to which all dates are relative for this study	Property										study				
	pihl	CDS Batch 2	21	CDS Data Model		3.0.0	study	study		Node	cds_requestor	cds_requestor		Identifies the user requesting storage in CDS	Property			string							study				
	pihl	CDS Batch 2	22	CDS Data Model		3.0.0	study	study		Node	funding_agency	funding_agency		Funding agency of the requestor study	Property			string					11524545	1 00					
	pihl	CDS Batch 2	23	CDS Data Model		3.0.0	study	study		Node	funding_source_program_name	funding_source_program_name		The funding source organization sponsor	Property			string					11524546	1 00					
	pihl	CDS Batch 2	24	CDS Data Model		3.0.0	study	study		Node	grant_id	grant_id		Grant or contract identifier	Property			string					3434057	2 00					
	pihl	CDS Batch 2	25	CDS Data Model		3.0.0	study	study		Node	clinical_trial_system	clinical_trial_system		Organization that provides clinical trial identifier if study is a clinical trial 	Property			string							study				
	pihl	CDS Batch 2	26	CDS Data Model		3.0.0	study	study		Node	clinical_trial_identifier	clinical_trial_identifier		Study identifier in the given clinical trial system 	Property			string					14673514	1 00					
	pihl	CDS Batch 2	27	CDS Data Model		3.0.0	study	study		Node	clinical_trial_arm	clinical_trial_arm		Arm of clinical trial if appropriate	Property			string					11524548	1 00					
	pihl	CDS Batch 2	28	CDS Data Model		3.0.0	study	study		Node	organism_species	organism_species		Species binomial of study participants	Property			string							study				
	pihl	CDS Batch 2	29	CDS Data Model		3.0.0	study	study		Node	adult_or_childhood_study	adult_or_childhood_study		Study participants are adult pediatric or other	Property								11524549	1 00					
	pihl	CDS Batch 2	30	CDS Data Model		3.0.0	study	study		Node	data_types	data_types		Data types for storage	Property										study				
	pihl	CDS Batch 2	31	CDS Data Model		3.0.0	study	study		Node	file_types	file_types		File types for storage	Property										study				
	pihl	CDS Batch 2	32	CDS Data Model		3.0.0	study	study		Node	data_access_level	data_access_level		Is data open controlled or mixed 	Property										study				
	pihl	CDS Batch 2	33	CDS Data Model		3.0.0	study	study		Node	cds_primary_bucket	cds_primary_bucket		The primary bucket for depositing data	Property			string							study				
	pihl	CDS Batch 2	34	CDS Data Model		3.0.0	study	study		Node	cds_secondary_bucket	cds_secondary_bucket		Secondary bucket for depositing data non sequence files 	Property			string							study				
	pihl	CDS Batch 2	35	CDS Data Model		3.0.0	study	study		Node	cds_tertiary_bucket	cds_tertiary_bucket		Secondary bucket for depositing data non sequence files 	Property			string							study				
	pihl	CDS Batch 2	36	CDS Data Model		3.0.0	study	study		Node	number_of_participants	number_of_participants		How many participants in the study	Property			number		Yes			11555662	1 00					
	pihl	CDS Batch 2	37	CDS Data Model		3.0.0	study	study		Node	number_of_samples	number_of_samples		How many total samples in the study	Property			number		Yes			11555663	1 00					
	pihl	CDS Batch 2	38	CDS Data Model		3.0.0	study	study		Node	study_data_types	study_data_types		Types of scientific data in the study	Property					Yes			12571096	1 00					
	pihl	CDS Batch 2	39	CDS Data Model		3.0.0	study	study		Node	file_types_and_format	file_types_and_format		Specific kinds of files in the dataset that will be uploaded to CDS 	Property					Yes					study				
	pihl	CDS Batch 2	40	CDS Data Model		3.0.0	study	study		Node	size_of_data_being_uploaded	size_of_data_being_uploaded		Size of the data being uploaded to CDS	Property										study				
	pihl	CDS Batch 2	41	CDS Data Model		3.0.0	study	study		Node	acl	acl		open or restricted access to data	Property			string					11555664	1 00					
	pihl	CDS Batch 2	42	CDS Data Model		3.0.0	study	study		Node	study_access	study_access		Study access	Property					Yes					study				
	pihl	CDS Batch 2	43	CDS Data Model		3.0.0	study	study		Node	authz	authz		multifactor authorization	Property			string							study				
	pihl	CDS Batch 2	44	CDS Data Model		3.0.0	study	study		Node	study_version	study_version		The version of the phs accession	Property					Yes					study				
	pihl	CDS Batch 2	45	CDS Data Model		3.0.0	study	study		Node	crdc_id	crdc_id		The crdc_id is a unique identifier that is generated by Data Hub	Property			string							study				
	pihl	CDS Batch 2	46	CDS Data Model		3.0.0	participant	participant		Node	study_participant_id	study_participant_id		The property study_participant_id is a compound property combining the property participant_id and the parent property study phs_accession It is the ID property for the node participant The reason why we are doing that is because is some cases there are same participant id in different studies repersent different participants 	Property			string		Yes					participant				
	pihl	CDS Batch 2	47	CDS Data Model		3.0.0	participant	participant		Node	participant_id	participant_id		A number or a string that may contain metadata information for a participant who has taken part in the investigation or study 	Property			string		Yes			12220014	1 00					
	pihl	CDS Batch 2	48	CDS Data Model		3.0.0	participant	participant		Node	race	race		OMB Race designator	Property								2192199	1 00					
	pihl	CDS Batch 2	49	CDS Data Model		3.0.0	participant	participant		Node	gender	gender		Biological gender at birth	Property					Yes			2200604	3 00					
	pihl	CDS Batch 2	50	CDS Data Model		3.0.0	participant	participant		Node	ethnicity	ethnicity		OMB Ethinicity designator	Property								2192217	2 00					
	pihl	CDS Batch 2	51	CDS Data Model		3.0.0	participant	participant		Node	dbGaP_subject_id	dbGaP_subject_id		Identifier for the participant as assigned by dbGaP	Property			string					11524544	1 00					
	pihl	CDS Batch 2	52	CDS Data Model		3.0.0	participant	participant		Node	crdc_id	crdc_id		The crdc_id is a unique identifier that is generated by Data Hub	Property			string							participant				
	pihl	CDS Batch 2	53	CDS Data Model		3.0.0	diagnosis	diagnosis		Node	study_diagnosis_id	study_diagnosis_id		The property study_diagnosis_id is a compound property combining the property diagnosis_id and the parent property participant study_participant_id It is the ID property for the node diagnosis 	Property			string		Yes					diagnosis				
	pihl	CDS Batch 2	54	CDS Data Model		3.0.0	diagnosis	diagnosis		Node	diagnosis_id	diagnosis_id		Internal identifier	Property			string							diagnosis				
	pihl	CDS Batch 2	55	CDS Data Model		3.0.0	diagnosis	diagnosis		Node	disease_type	disease_type		Type of disease 	Property								13471160	1 00					
	pihl	CDS Batch 2	56	CDS Data Model		3.0.0	diagnosis	diagnosis		Node	vital_status	vital_status		Vital status as of last known follow up	Property								2847330	1 00					
	pihl	CDS Batch 2	57	CDS Data Model		3.0.0	diagnosis	diagnosis		Node	primary_diagnosis	primary_diagnosis		Primary disease diagnosed for this diagnosis and subject	Property					Yes			13606067	1 00					
	pihl	CDS Batch 2	58	CDS Data Model		3.0.0	diagnosis	diagnosis		Node	primary_site	primary_site		Anatomical site of disease in primary diagnosis for this diagnosis	Property								13279286	1 00					
	pihl	CDS Batch 2	59	CDS Data Model		3.0.0	diagnosis	diagnosis		Node	age_at_diagnosis	age_at_diagnosis		Participant age at relevant diagnosis	Property			integer					10609539	1 00					
	pihl	CDS Batch 2	60	CDS Data Model		3.0.0	diagnosis	diagnosis		Node	tumor_grade	tumor_grade		Numeric value to express the degree of abnormality of cancer cells a measure of differentiation and aggressiveness 	Property								11325685	1 00					
	pihl	CDS Batch 2	61	CDS Data Model		3.0.0	diagnosis	diagnosis		Node	tumor_stage_clinical_m	tumor_stage_clinical_m		Extent of the distant metastasis for the cancer based on evidence obtained from clinical assessment parameters determined prior to treatment 	Property								3440331	1 00					
	pihl	CDS Batch 2	62	CDS Data Model		3.0.0	diagnosis	diagnosis		Node	tumor_stage_clinical_n	tumor_stage_clinical_n		Extent of the regional lymph node involvement for the cancer based on evidence obtained from clinical assessment parameters determined prior to treatment 	Property								3440330	1 00					
	pihl	CDS Batch 2	63	CDS Data Model		3.0.0	diagnosis	diagnosis		Node	tumor_stage_clinical_t	tumor_stage_clinical_t		Extent of the primary cancer based on evidence obtained from clinical assessment parameters determined prior to treatment 	Property								3440328	1 00					
	pihl	CDS Batch 2	64	CDS Data Model		3.0.0	diagnosis	diagnosis		Node	morphology	morphology		ICD O 3 Morphology term associated with this diagnosis	Property								13594090	1 00					
	pihl	CDS Batch 2	65	CDS Data Model		3.0.0	diagnosis	diagnosis		Node	incidence_type	incidence_type		For this diagnosis disease incidence relative to prior status of subject	Property										diagnosis				
	pihl	CDS Batch 2	66	CDS Data Model		3.0.0	diagnosis	diagnosis		Node	progression_or_recurrence	progression_or_recurrence		Yes No Unknown indicator to identify whether a patient has had a new tumor event after initial treatment 	Property								13529783	1 00					
	pihl	CDS Batch 2	67	CDS Data Model		3.0.0	diagnosis	diagnosis		Node	days_to_recurrence	days_to_recurrence		Days to disease recurrence relative to study index date	Property			integer					12432576	1 00					
	pihl	CDS Batch 2	68	CDS Data Model		3.0.0	diagnosis	diagnosis		Node	days_to_last_followup	days_to_last_followup		Days to last participant followup relative to study index date	Property			integer					12426616	1 00					
	pihl	CDS Batch 2	69	CDS Data Model		3.0.0	diagnosis	diagnosis		Node	last_known_disease_status	last_known_disease_status		Last known disease incidence for this subject and diagnosis	Property								12447172	1 00					
	pihl	CDS Batch 2	70	CDS Data Model		3.0.0	diagnosis	diagnosis		Node	days_to_last_known_status	days_to_last_known_status		Days to last known status of participant relative to study index date	Property			integer							diagnosis				
	pihl	CDS Batch 2	71	CDS Data Model		3.0.0	diagnosis	diagnosis		Node	crdc_id	crdc_id		The crdc_id is a unique identifier that is generated by Data Hub	Property			string							diagnosis				
	pihl	CDS Batch 2	72	CDS Data Model		3.0.0	treatment	treatment		Node	treatment_id	treatment_id		Internal identifier	Property			string							treatment				
	pihl	CDS Batch 2	73	CDS Data Model		3.0.0	treatment	treatment		Node	treatment_type	treatment_type		Text term that describes the kind of treatment administered	Property								14737565	1 00					
	pihl	CDS Batch 2	74	CDS Data Model		3.0.0	treatment	treatment		Node	treatment_outcome	treatment_outcome		Text term that describes the patient s final outcome after the treatment was administered	Property								5102383	1 00					
	pihl	CDS Batch 2	75	CDS Data Model		3.0.0	treatment	treatment		Node	days_to_treatment	days_to_treatment		Days to start of treatment relative to index date	Property			integer					12447194	1 00					
	pihl	CDS Batch 2	76	CDS Data Model		3.0.0	treatment	treatment		Node	therapeutic_agents	therapeutic_agents		Text identification of the individual agent s used as part of a treatment regimen 	Property								13579886	1 00					
	pihl	CDS Batch 2	77	CDS Data Model		3.0.0	treatment	treatment		Node	crdc_id	crdc_id		The crdc_id is a unique identifier that is generated by Data Hub	Property			string							treatment				
	pihl	CDS Batch 2	78	CDS Data Model		3.0.0	sample	sample		Node	sample_id	sample_id		Sample identifier as submitted by requestor	Property			string		Yes			6921892	1 00					
	pihl	CDS Batch 2	79	CDS Data Model		3.0.0	sample	sample		Node	sample_type	sample_type		Tissue type of this sample	Property					Yes			13255982	1 00					
	pihl	CDS Batch 2	80	CDS Data Model		3.0.0	sample	sample		Node	sample_tumor_status	sample_tumor_status		Tumor or normal status	Property					Yes			14688604	1 00					
	pihl	CDS Batch 2	81	CDS Data Model		3.0.0	sample	sample		Node	sample_anatomic_site	sample_anatomic_site		Anatomic site from which sample was collected	Property								12083894	1 00					
	pihl	CDS Batch 2	82	CDS Data Model		3.0.0	sample	sample		Node	sample_age_at_collection	sample_age_at_collection		Number of days to collection relative to index date	Property			integer					11253404	1 00					
	pihl	CDS Batch 2	83	CDS Data Model		3.0.0	sample	sample		Node	derived_from_specimen	derived_from_specimen		Identier of the parent specimen of this sample	Property			string					5581201	1 00					
	pihl	CDS Batch 2	84	CDS Data Model		3.0.0	sample	sample		Node	biosample_accession	biosample_accession		NCBI BioSample accession ID SAMN for this sample	Property								2230047	6 00					
	pihl	CDS Batch 2	85	CDS Data Model		3.0.0	sample	sample		Node	crdc_id	crdc_id		The crdc_id is a unique identifier that is generated by Data Hub	Property			string							sample				
	pihl	CDS Batch 2	86	CDS Data Model		3.0.0	file	file		Node	file_id	file_id		File identifier	Property			string		Yes					file				
	pihl	CDS Batch 2	87	CDS Data Model		3.0.0	file	file		Node	file_name	file_name		Name of file	Property			string		Yes			11284037	1 00					
	pihl	CDS Batch 2	88	CDS Data Model		3.0.0	file	file		Node	file_type	file_type		File type from enumerated list	Property					Yes			11416926	1 00					
	pihl	CDS Batch 2	89	CDS Data Model		3.0.0	file	file		Node	file_description	file_description		Human readable description of file	Property			string					11280338	1 00					
	pihl	CDS Batch 2	90	CDS Data Model		3.0.0	file	file		Node	file_size	file_size		File size in bytes	Property			integer		Yes			11479876	1 00					
	pihl	CDS Batch 2	91	CDS Data Model		3.0.0	file	file		Node	md5sum	md5sum		MD5 hex digest for this file	Property					Yes					file				
	pihl	CDS Batch 2	92	CDS Data Model		3.0.0	file	file		Node	file_url_in_cds	file_url_in_cds		Location of the file on the CDS cloud using AWS S3 protocol	Property			string					11556141	1 00					
	pihl	CDS Batch 2	93	CDS Data Model		3.0.0	file	file		Node	experimental_strategy_and_data_subtypes	experimental_strategy_and_data_subtypes		What is the experimental strategy used for the study or what type of data subtypes exist in the study 	Property					Yes					file				
	pihl	CDS Batch 2	94	CDS Data Model		3.0.0	file	file		Node	submission_version	submission_version		Raw data file submission	Property			string		Yes					file				
	pihl	CDS Batch 2	95	CDS Data Model		3.0.0	file	file		Node	crdc_id	crdc_id		The crdc_id is a unique identifier that is generated by Data Hub	Property			string							file				
	pihl	CDS Batch 2	96	CDS Data Model		3.0.0	genomic_info	genomic_info		Node	genomic_info_id	genomic_info_id		Genomic info identifier the ID property for the ndoe genomic_info 	Property			string		Yes					genomic_info				
	pihl	CDS Batch 2	97	CDS Data Model		3.0.0	genomic_info	genomic_info		Node	library_id	library_id		Library identifier as submitted by requestor	Property			string					11555660	1 00					
	pihl	CDS Batch 2	98	CDS Data Model		3.0.0	genomic_info	genomic_info		Node	bases	bases		Total number of unique bases read	Property			integer					12373573	1 00					
	pihl	CDS Batch 2	99	CDS Data Model		3.0.0	genomic_info	genomic_info		Node	number_of_reads	number_of_reads		Total number of reads performed	Property			integer					11529035	1 00					
	pihl	CDS Batch 2	100	CDS Data Model		3.0.0	genomic_info	genomic_info		Node	avg_read_length	avg_read_length		Average sequence read length	Property			number					12426615	1 00					
	pihl	CDS Batch 2	101	CDS Data Model		3.0.0	genomic_info	genomic_info		Node	coverage	coverage		Average depth of coverage on reference used	Property			number					11556322	1 00					
	pihl	CDS Batch 2	102	CDS Data Model		3.0.0	genomic_info	genomic_info		Node	reference_genome_assembly	reference_genome_assembly		Accession or name of genome reference or assembly used for alignment	Property								11529031	1 00					
	pihl	CDS Batch 2	103	CDS Data Model		3.0.0	genomic_info	genomic_info		Node	custom_assembly_fasta_file_for_alignment	custom_assembly_fasta_file_for_alignment		File name of any custom assembly fasta file used during alignment	Property			string					11636299	1 00					
	pihl	CDS Batch 2	104	CDS Data Model		3.0.0	genomic_info	genomic_info		Node	design_description	design_description		Human readable description of methods used to create sequencing library	Property			string					11529028	1 00					
	pihl	CDS Batch 2	105	CDS Data Model		3.0.0	genomic_info	genomic_info		Node	library_strategy	library_strategy		Nucleic acid capture or processing strategy for this library	Property								6273393	1 00					
	pihl	CDS Batch 2	106	CDS Data Model		3.0.0	genomic_info	genomic_info		Node	library_layout	library_layout		Library layout as submitted by requestor	Property								11527735	1 00					
	pihl	CDS Batch 2	107	CDS Data Model		3.0.0	genomic_info	genomic_info		Node	library_source	library_source		Source material used to create library	Property								6285979	1 00					
	pihl	CDS Batch 2	108	CDS Data Model		3.0.0	genomic_info	genomic_info		Node	library_selection	library_selection		Library selection method	Property								6347743	1 00					
	pihl	CDS Batch 2	109	CDS Data Model		3.0.0	genomic_info	genomic_info		Node	platform	platform		Instrument platform or manufacturer	Property								6347771	1 00					
	pihl	CDS Batch 2	110	CDS Data Model		3.0.0	genomic_info	genomic_info		Node	instrument_model	instrument_model		Instrument model	Property								6352164	1 00					
	pihl	CDS Batch 2	111	CDS Data Model		3.0.0	genomic_info	genomic_info		Node	sequence_alignment_software	sequence_alignment_software		Name of software program used to align nucleotide sequence data	Property			string					11529072	1 00					
	pihl	CDS Batch 2	112	CDS Data Model		3.0.0	genomic_info	genomic_info		Node	crdc_id	crdc_id		The crdc_id is a unique identifier that is generated by Data Hub	Property			string							genomic_info				
	pihl	CDS Batch 2	113	CDS Data Model		3.0.0	image	image		Node	study_link_id	study_link_id		The study_link_id is a unique numerical identifier for each study listed on the collection information sheet The sole purpose of the study_link_id is to indicate which participant described on worksheet 2 Participant information belongs to what study collection described on worksheet 1 Collection information 	Property			string		Yes					image				
	pihl	CDS Batch 2	114	CDS Data Model		3.0.0	image	image		Node	de_identification_method_type	de_identification_method_type		General description of the de identification method	Property					Yes			14607284	1 00					
	pihl	CDS Batch 2	115	CDS Data Model		3.0.0	image	image		Node	de_identification_method_description	de_identification_method_description		Description of the process of removing potentially identifying data or data elements to render data into a form that does not identify individuals and where identification is not likely to take place 	Property			string							image				
	pihl	CDS Batch 2	116	CDS Data Model		3.0.0	image	image		Node	de_identification_software	de_identification_software		Software that was used to de identify the images if used 	Property			string							image				
	pihl	CDS Batch 2	117	CDS Data Model		3.0.0	image	image		Node	license	license		Official or legal permission to do or own a specified thing 	Property					Yes					image				
	pihl	CDS Batch 2	118	CDS Data Model		3.0.0	image	image		Node	citation_or_DOI	citation_or_DOI		Publication and or digital object identifier of the publication for open access studies	Property			string		Yes			7787673	1 00					
	pihl	CDS Batch 2	119	CDS Data Model		3.0.0	image	image		Node	species	species		Use the NCBI Taxonomy ID to identify species A label provided by NCBI Taxonomy Database https www ncbi nlm nih gov taxonomy which uniquely identifies group or category at any level in a system for classifying plants or animals including humans providing ranked categories for the classification of organisms according to their suspected evolutionary relationships 	Property			string		Yes			10543100	2 00					
	pihl	CDS Batch 2	120	CDS Data Model		3.0.0	image	image		Node	image_modality	image_modality		The method in which the images are generated 	Property					Yes			12137353	1 00					
	pihl	CDS Batch 2	121	CDS Data Model		3.0.0	image	image		Node	imaging_equipment_manufacturer	imaging_equipment_manufacturer		Producer of the imaging equipment that was used to generate the digital image	Property			string		Yes			2866141	1 00					
	pihl	CDS Batch 2	122	CDS Data Model		3.0.0	image	image		Node	imaging_equipment_model	imaging_equipment_model		The words used to describe the specific model of the instrument used to carry out an imaging experiment 	Property			string					2413274	2 10					
	pihl	CDS Batch 2	123	CDS Data Model		3.0.0	image	image		Node	imaging_sofware	imaging_sofware		The name of the software package that was used to capture generate and process the image 	Property			string					2413278	1 20					
	pihl	CDS Batch 2	124	CDS Data Model		3.0.0	image	image		Node	imaging_protocol	imaging_protocol		A rule which guides how an activity should be performed Protocols io ID or DOI link to a free open protocol resource describing in detail the assay protocol e g surface markers used in Smart seq dissociation duration lot batch numbers for key reagents such as primers sequencing reagent kits etc or the protocol by which the image was obtained or generated 	Property			string					7787673	1 00					
	pihl	CDS Batch 2	125	CDS Data Model		3.0.0	image	image		Node	organ_or_tissue	organ_or_tissue		Site where images are associated	Property			string		Yes			6161035	1 00					
	pihl	CDS Batch 2	126	CDS Data Model		3.0.0	image	image		Node	performed_imaging_study_description	performed_imaging_study_description		The textual representation of the certain or salient aspects characteristics or features of the imaging study Adapted from www businessdictionary com 	Property			string		Yes			2182389	2 10					
	pihl	CDS Batch 2	127	CDS Data Model		3.0.0	image	image		Node	performed_imaging_study_admittingDiagnosisCode	performed_imaging_study_admittingDiagnosisCode		The identified disease s or illness es at the time of the admission during which imaging was performed 	Property			string		Yes			2902328	3 00					
	pihl	CDS Batch 2	128	CDS Data Model		3.0.0	image	image		Node	performed_imaging_study_nonAcquisitionModalitiesInStudyCode	performed_imaging_study_nonAcquisitionModalitiesInStudyCode		A coded value specifying the type of equipment that created the images in this imaging study other than that used to acquire the original data 	Property			string		Yes			12137353	1 00					
	pihl	CDS Batch 2	129	CDS Data Model		3.0.0	image	image		Node	performed_imaging_study_lossyImageCompressionIndicator	performed_imaging_study_lossyImageCompressionIndicator		Specifies whether any images in the study are irreversibly altered during encoding at any time during its life 	Property			string		Yes					image				
	pihl	CDS Batch 2	130	CDS Data Model		3.0.0	image	image		Node	performed_imaging_study_summary	performed_imaging_study_summary		A brief statement about the characteristics of this element which is intended for use by the radiologist technologist and or physicist during management of the imaging protocol to understand the characteristics of the element in the protocol 	Property			string		Yes			14670299	1 00					
	pihl	CDS Batch 2	131	CDS Data Model		3.0.0	image	image		Node	performed_imaging_study_primaryAnatomicSiteCode	performed_imaging_study_primaryAnatomicSiteCode		A coded value specifying the anatomic location that is the focus of this imaging process protocol element 	Property			string		Yes			14612662	1 00					
	pihl	CDS Batch 2	132	CDS Data Model		3.0.0	image	image		Node	performed_imaging_study_acquisitionTypeCode	performed_imaging_study_acquisitionTypeCode		A coded value specifying spatial aspects of the mechanism of data collection 	Property			string		Yes			14670301	1 00					
	pihl	CDS Batch 2	133	CDS Data Model		3.0.0	image	image		Node	performed_imaging_study_imageTypeCode	performed_imaging_study_imageTypeCode		A coded value that specifies the most important aspect of the images or their derivation 	Property										image				
	pihl	CDS Batch 2	134	CDS Data Model		3.0.0	image	image		Node	performed_imaging_study_cardiacSynchronizationTechniqueCode	performed_imaging_study_cardiacSynchronizationTechniqueCode		The means used to coordinate the collection or reconstruction of data with the cardiac cycle 	Property								14617521	1 00					
	pihl	CDS Batch 2	135	CDS Data Model		3.0.0	image	image		Node	performed_imaging_study_dataCollectionDiameter	performed_imaging_study_dataCollectionDiameter		The diameter of the region over which information is acquired 	Property			string		Yes			14612665	1 00					
	pihl	CDS Batch 2	136	CDS Data Model		3.0.0	image	image		Node	performed_imaging_study_respiratoryMotionTechniqueCode	performed_imaging_study_respiratoryMotionTechniqueCode		The means to be used to coordinate the collection or reconstruction of data with breathing 	Property					Yes			14617522	1 00					
	pihl	CDS Batch 2	137	CDS Data Model		3.0.0	image	image		Node	performed_imaging_study_bodyPositionCode	performed_imaging_study_bodyPositionCode		A coded value specifying the 3 dimensional spatial orientation of a subject during this imaging acquisition protocol element 	Property								14617523	1 00					
	pihl	CDS Batch 2	138	CDS Data Model		3.0.0	image	image		Node	performed_imaging_study_typeCode	performed_imaging_study_typeCode		A coded value specifying the kind of algorithm used when reconstructing the image from the data acquired during the acquisition process 	Property			string		Yes					image				
	pihl	CDS Batch 2	139	CDS Data Model		3.0.0	image	image		Node	performed_imaging_study_algorithmCode	performed_imaging_study_algorithmCode		A coded value specifying the algorithm to use when reconstructing the image from the data acquired during the acquisition process	Property			string		Yes			14617557	1 00					
	pihl	CDS Batch 2	140	CDS Data Model		3.0.0	image	image		Node	performed_imaging_study_reconstructionFieldOfViewHeight	performed_imaging_study_reconstructionFieldOfViewHeight		The vertical dimension of the rectangular region from which data is used in creating the reconstruction of the image 	Property			string		Yes			14612672	1 00					
	pihl	CDS Batch 2	141	CDS Data Model		3.0.0	image	image		Node	performed_imaging_study_reconstructionFieldOfViewWidth	performed_imaging_study_reconstructionFieldOfViewWidth		The horizontal dimension of the rectangular region from which data is used in creating the reconstruction of the image 	Property			string		Yes			14612674	1 00					
	pihl	CDS Batch 2	142	CDS Data Model		3.0.0	image	image		Node	performed_imaging_study_reconstructionDiameter	performed_imaging_study_reconstructionDiameter		The diameter of the region from which data is used in creating the reconstruction of the image 	Property			string		Yes			2182085	1 00					
	pihl	CDS Batch 2	143	CDS Data Model		3.0.0	image	image		Node	performed_imaging_study_sliceThickness	performed_imaging_study_sliceThickness		The cross plane dimension of the reconstructed image 	Property			string		Yes			3113185	2 00					
	pihl	CDS Batch 2	144	CDS Data Model		3.0.0	image	image		Node	performed_imaging_study_reconstructionInterval	performed_imaging_study_reconstructionInterval		The cross plane distance between the centers of adjacent parallel reconstructed images 	Property			string		Yes			14612682	1 00					
	pihl	CDS Batch 2	145	CDS Data Model		3.0.0	image	image		Node	longitudinal_temporal_event_type	longitudinal_temporal_event_type		The type of event to which Longitudinal Temporal Offset from Event is relative 	Property			number					14670294	1 00					
	pihl	CDS Batch 2	146	CDS Data Model		3.0.0	image	image		Node	longitudinal_temporal_event_offset	longitudinal_temporal_event_offset		An offset in days from a particular event of significance May be fractional In the context of a clinical trial this is often the days since enrollment or the baseline imaging Study 	Property			number					14612661	1 00					
	pihl	CDS Batch 2	147	CDS Data Model		3.0.0	image	image		Node	CTAquisitionProtocolElement_singleCollimationWidth	CTAquisitionProtocolElement_singleCollimationWidth		The width of a single row of acquired data The units are of linear distince e g mm 	Property			string					2903347	1 00					
	pihl	CDS Batch 2	148	CDS Data Model		3.0.0	image	image		Node	CTAquisitionProtocolElement_totalCollimationWidth	CTAquisitionProtocolElement_totalCollimationWidth		The width of the total collimation over the area of active x ray detection The units are of linear distince e g mm 	Property			string		Yes			2903328	1 00					
	pihl	CDS Batch 2	149	CDS Data Model		3.0.0	image	image		Node	CTAquisitionProtocolElement_gantryDetectorTilt	CTAquisitionProtocolElement_gantryDetectorTilt		Nominal angle of tilt in degrees of the scanning gantry The units are of plane angle e g degrees Zero degrees means the gantry is not tilted negative degrees are when the top of the gantry is tilted away from where the table enters the gantry 	Property			string		Yes			2656117	1 00					
	pihl	CDS Batch 2	150	CDS Data Model		3.0.0	image	image		Node	CTAquisitionProtocolElement_tableSpeed	CTAquisitionProtocolElement_tableSpeed		The distance that the table moves per unit of time during the gathering of data The units are of linear distance divided by time 	Property			string		Yes					image				
	pihl	CDS Batch 2	151	CDS Data Model		3.0.0	image	image		Node	CTAquisitionProtocolElement_spiralPitchFactor	CTAquisitionProtocolElement_spiralPitchFactor		Ratio of the distance that the table moves during a complete revolution of the source around the gantry orbit to the width of the total collimation over the area of active x ray detection The units are of unity 	Property			string		Yes			2414556	1 00					
	pihl	CDS Batch 2	152	CDS Data Model		3.0.0	image	image		Node	CTAquisitionProtocolElement_ctdiVol	CTAquisitionProtocolElement_ctdiVol		The average dose over the total volume scanned for the selected CT conditions of operation calculated according to IEC 60601 2 44 Ed 2 1 Clause 29 1 103 4 The units are energy dose e g mGy 	Property			string		Yes			3882991	1 00					
	pihl	CDS Batch 2	153	CDS Data Model		3.0.0	image	image		Node	CTAquisitionProtocolElement_ctdiPhantomTypeCode	CTAquisitionProtocolElement_ctdiPhantomTypeCode		The type of phantom to use for CTDI measurement according to IEC 60601 2 44	Property			string		Yes			14612683	1 00					
	pihl	CDS Batch 2	154	CDS Data Model		3.0.0	image	image		Node	CTAquisitionProtocolElement_kVp	CTAquisitionProtocolElement_kVp		Peak kilovoltage output of the x ray generator The units are of electrical potential 	Property			string		Yes			2904496	1 00					
	pihl	CDS Batch 2	155	CDS Data Model		3.0.0	image	image		Node	CTAquisitionProtocolElement_exposureModulationType_Code	CTAquisitionProtocolElement_exposureModulationType_Code		The manner in which tube current is varied in order to limit the dose 	Property										image				
	pihl	CDS Batch 2	156	CDS Data Model		3.0.0	image	image		Node	CTImageReconstructionProtocolElement_convolutionKernel	CTImageReconstructionProtocolElement_convolutionKernel		A label describing the mathematical operations used to reconstruct images from the acquired data The values for this attribute are vendor specific and not coded 	Property			string					2656119	1 00					
	pihl	CDS Batch 2	157	CDS Data Model		3.0.0	image	image		Node	CTImageReconstructionProtocolElement_convolutionKernelGroupCode	CTImageReconstructionProtocolElement_convolutionKernelGroupCode		A coded value specifying the family of mathematical operations to use to reconstruct images from the acquired data	Property			string					14617525	1 00					
	pihl	CDS Batch 2	158	CDS Data Model		3.0.0	image	image		Node	MRImageAcquisitionProtocolElement_echoPulseSequenceCategoryCode	MRImageAcquisitionProtocolElement_echoPulseSequenceCategoryCode		A coded value specifying an echo category of pulse sequences 	Property								14645641	1 00					
	pihl	CDS Batch 2	159	CDS Data Model		3.0.0	image	image		Node	MRImageAcquisitionProtocolElement_diffusionBValue	MRImageAcquisitionProtocolElement_diffusionBValue		The factor by which the acquisition is sensitized to the Brownian motion of water molecules The units are of time area e g s mm2	Property			string					14607706	1 00					
	pihl	CDS Batch 2	160	CDS Data Model		3.0.0	image	image		Node	MRImageAcquisitionProtocolElement_diffusionDirectionalityCode	MRImageAcquisitionProtocolElement_diffusionDirectionalityCode		A coded value specifying whether diffusion conditions for the frame are directional or isotropic with respect to direction	Property								14616426	1 00					
	pihl	CDS Batch 2	161	CDS Data Model		3.0.0	image	image		Node	MRImageAcquisitionProtocolElement_magneticFieldStrength	MRImageAcquisitionProtocolElement_magneticFieldStrength		A vector quantity indicating the ability of a magnetic field to exert a force on moving electric charges The American Heritage Science Dictionary The units are of magnetic flux density e g tesla 	Property			string					14607707	1 00					
	pihl	CDS Batch 2	162	CDS Data Model		3.0.0	image	image		Node	MRImageAcquisitionProtocolElement_resonantNucleusCode	MRImageAcquisitionProtocolElement_resonantNucleusCode		A coded value specifying the atomic nucleus that is the target of the acquisition	Property								14616427	1 00					
	pihl	CDS Batch 2	163	CDS Data Model		3.0.0	image	image		Node	MRImageAcquisitionProtocolElement_acquisitionContrastCode	MRImageAcquisitionProtocolElement_acquisitionContrastCode		A coded value specifying the inherent as opposed to exogenous contrast in the acquisition 	Property								14616428	1 00					
	pihl	CDS Batch 2	164	CDS Data Model		3.0.0	image	image		Node	MRImageAcquisitionProtocolElement_inversionRecoveryIndicator	MRImageAcquisitionProtocolElement_inversionRecoveryIndicator		Specifies whether an inversion recovery preparatory sequence is used in the acquisition 	Property			string					14607722	1 00					
	pihl	CDS Batch 2	165	CDS Data Model		3.0.0	image	image		Node	MRImageAcquisitionProtocolElement_pulseSequenceName	MRImageAcquisitionProtocolElement_pulseSequenceName		Name of the pulse sequence that is used for the acquisition This is usually a vendor specific name 	Property			string					14608594	1 00					
	pihl	CDS Batch 2	166	CDS Data Model		3.0.0	image	image		Node	MRImageAcquisitionProtocolElement_multipleSpinEchoIndicator	MRImageAcquisitionProtocolElement_multipleSpinEchoIndicator		Specifies whether different lines in k space are collected for a single frame 	Property			string					14608595	1 00					
	pihl	CDS Batch 2	167	CDS Data Model		3.0.0	image	image		Node	MRImageAcquisitionProtocolElement_phaseContrastIndicator	MRImageAcquisitionProtocolElement_phaseContrastIndicator		Specifies whether this is a pulse sequence in which the flowing spins are velocity encoded in phase 	Property			string					14608601	1 00					
	pihl	CDS Batch 2	168	CDS Data Model		3.0.0	image	image		Node	MRImageAcquisitionProtocolElement_timeOfFlightContrastIndicator	MRImageAcquisitionProtocolElement_timeOfFlightContrastIndicator		Specifies whether contrast is created by the inflow of blood in the saturated plane 	Property			string					14608649	1 00					
	pihl	CDS Batch 2	169	CDS Data Model		3.0.0	image	image		Node	MRImageAcquisitionProtocolElement_arterialSpinLabelingContrastCode	MRImageAcquisitionProtocolElement_arterialSpinLabelingContrastCode		A coded value specifying how arterial water is used as a diffusable tracer 	Property			string					14616429	1 00					
	pihl	CDS Batch 2	170	CDS Data Model		3.0.0	image	image		Node	MRImageAcquisitionProtocolElement_steadyStatePulseSequenceCode	MRImageAcquisitionProtocolElement_steadyStatePulseSequenceCode		A coded value specifying how residual transverse magnetization is maintained during the acquisition 	Property								14616430	1 00					
	pihl	CDS Batch 2	171	CDS Data Model		3.0.0	image	image		Node	MRImageAcquisitionProtocolElement_echoPlanarPulseSequenceIndicator	MRImageAcquisitionProtocolElement_echoPlanarPulseSequenceIndicator		Specifies whether multiple echos of different phase steps are acquired using rephasing gradients instead of repeated 180 degree pulses 	Property			string					14612651	1 00					
	pihl	CDS Batch 2	172	CDS Data Model		3.0.0	image	image		Node	MRImageAcquisitionProtocolElement_saturationRecoveryIndicator	MRImageAcquisitionProtocolElement_saturationRecoveryIndicator		Specifies whether a saturation recovery pulse sequence is used	Property			string					14612652	1 00					
	pihl	CDS Batch 2	173	CDS Data Model		3.0.0	image	image		Node	MRImageAcquisitionProtocolElement_spectrallySelectedSuppressionCode	MRImageAcquisitionProtocolElement_spectrallySelectedSuppressionCode		A coded value specifying the type of substance specific signal suppression is used 	Property								14616431	1 00					
	pihl	CDS Batch 2	174	CDS Data Model		3.0.0	image	image		Node	MRImageReconstructionProtocolElement_complexImageComponentCode	MRImageReconstructionProtocolElement_complexImageComponentCode		A coded value specifying the channel of the quadrature detected data or the combination derived from those channels used to reconstruct the image	Property								14616432	1 00					
	pihl	CDS Batch 2	175	CDS Data Model		3.0.0	image	image		Node	PETImagingAcquisitionProtocolElement_gantryDetectorTilt	PETImagingAcquisitionProtocolElement_gantryDetectorTilt		Nominal angle of tilt in degrees of the scanning gantry The units are of plane angle e g degrees Zero degrees means the gantry is not tilted negative degrees are when the top of the gantry is tilted away from where the table enters the gantry 	Property			string					2656117	1 00					
	pihl	CDS Batch 2	176	CDS Data Model		3.0.0	image	image		Node	Radiopharmaceutical_radionuclideCode	Radiopharmaceutical_radionuclideCode		A coded value that specifies the radioactive isotope in the radiophamaceutical 	Property			string					14612653	1 00					
	pihl	CDS Batch 2	177	CDS Data Model		3.0.0	image	image		Node	acquisition_method_type	acquisition_method_type		Records the method of acquisition or source for the specimen under consideration	Property			string					6626651	2 00					
	pihl	CDS Batch 2	178	CDS Data Model		3.0.0	image	image		Node	tumor_tissue_type	tumor_tissue_type		Text that describes the kind of disease present in the tumor specimen as related to a specific timepoint add rows to select multiple values along with timepoints 	Property			string					3288124	1 00					
	pihl	CDS Batch 2	179	CDS Data Model		3.0.0	image	image		Node	tissue_fixative	tissue_fixative		A compound that preserves tissues and cells for microscopic study 	Property					Yes			65078	4 00					
	pihl	CDS Batch 2	180	CDS Data Model		3.0.0	image	image		Node	embedding_medium	embedding_medium		A material that infiltrates and supports a specimen and preserves its shape and structure for sectioning and microscopy 	Property					Yes			8037927	1 00					
	pihl	CDS Batch 2	181	CDS Data Model		3.0.0	image	image		Node	staining_method	staining_method		Any of the various methods that use a dye reagent or other material for producing coloration in tissues or microorganisms for microscopic examination 	Property			string		Yes			7789196	1 00					
	pihl	CDS Batch 2	182	CDS Data Model		3.0.0	image	image		Node	objective	objective		An objective is an optical element that gathers light from an object being observed and focuses the light rays from it to produce a real image of the object 	Property			string					7788935	1 00					
	pihl	CDS Batch 2	183	CDS Data Model		3.0.0	image	image		Node	nominal_magnification	nominal_magnification		The magnification of the lens as specified by the manufacturer i e 60 is a 60X lens floating point value 1 no units 	Property			string					7788940	1 00					
	pihl	CDS Batch 2	184	CDS Data Model		3.0.0	image	image		Node	immersion	immersion		Immersion medium	Property			string					8058286	1 00					
	pihl	CDS Batch 2	185	CDS Data Model		3.0.0	image	image		Node	lens_numerical_aperture	lens_numerical_aperture		The numerical aperture of the lens Floating point value 0 	Property			string					7788942	1 00					
	pihl	CDS Batch 2	186	CDS Data Model		3.0.0	image	image		Node	working_distance	working_distance		The working distance of the lens expressed as a floating point number Floating point 0 Size needs to be specified in microns um 	Property			string					7788943	1 00					
	pihl	CDS Batch 2	187	CDS Data Model		3.0.0	image	image		Node	imaging_assay_type	imaging_assay_type		Type of imaging assay	Property			string		Yes			7789196	1 00					
	pihl	CDS Batch 2	188	CDS Data Model		3.0.0	image	image		Node	pyramid	pyramid		The data file contains an image pyramid	Property			string					7788945	1 00					
	pihl	CDS Batch 2	189	CDS Data Model		3.0.0	image	image		Node	physical_size_x	physical_size_x		Physical size X dimension of a pixel Floating point value 0 Size needs to be specified in microns um 	Property			string					7786584	1 00					
	pihl	CDS Batch 2	190	CDS Data Model		3.0.0	image	image		Node	physical_size_y	physical_size_y		Physical size Y dimension of a pixel Floating point value 0 Size needs to be specified in microns um 	Property			string					7786585	1 00					
	pihl	CDS Batch 2	191	CDS Data Model		3.0.0	image	image		Node	physical_size_z	physical_size_z		Physical size Z dimension of a pixel Floating point value 0 Size needs to be specified in microns um 	Property			string					7786586	1 00					
	pihl	CDS Batch 2	192	CDS Data Model		3.0.0	image	image		Node	size_c	size_c		Number of channels Integer 1	Property			string					7794859	1 00					
	pihl	CDS Batch 2	193	CDS Data Model		3.0.0	image	image		Node	size_t	size_t		Number of time points Integer 1	Property			string					7794860	1 00					
	pihl	CDS Batch 2	194	CDS Data Model		3.0.0	image	image		Node	size_x	size_x		Size of image X dimension in pixels Integer 1	Property			string					7788567	1 00					
	pihl	CDS Batch 2	195	CDS Data Model		3.0.0	image	image		Node	size_y	size_y		Size of image Y dimension in pixels Integer 1	Property			string					7788568	1 00					
	pihl	CDS Batch 2	196	CDS Data Model		3.0.0	image	image		Node	size_z	size_z		Size of image Z dimension in pixels Integer 1	Property			string					7788569	1 00					
	pihl	CDS Batch 2	197	CDS Data Model		3.0.0	image	image		Node	channel_metadata_filename	channel_metadata_filename		File name of uploaded companion CSV file containing channel level metadata details	Property			string		Yes			7787678	1 00					
	pihl	CDS Batch 2	198	CDS Data Model		3.0.0	image	image		Node	channel_metadata_file_url_in_cds	channel_metadata_file_url_in_cds			Property			string		Yes			11556141	1 00					
	pihl	CDS Batch 2	199	CDS Data Model		3.0.0	image	image		Node	channel_id	channel_id		The unique channel identifier for each channel in this image must match the corresponding field in the OME TIFF header	Property			string		Yes					image				
	pihl	CDS Batch 2	200	CDS Data Model		3.0.0	image	image		Node	channel_name	channel_name		Channel label for each channel in this image must match the corresponding field in the OME TIFF header	Property			string		Yes					image				
	pihl	CDS Batch 2	201	CDS Data Model		3.0.0	image	image		Node	cycle_number	cycle_number		the cycle in which the co listed reagent s was were used	Property			string							image				
	pihl	CDS Batch 2	202	CDS Data Model		3.0.0	image	image		Node	sub_cycle_number	sub_cycle_number		sub cycle 	Property			string							image				
	pihl	CDS Batch 2	203	CDS Data Model		3.0.0	image	image		Node	target_name	target_name		short descriptive name abbreviation for this target antigen 	Property			string							image				
	pihl	CDS Batch 2	204	CDS Data Model		3.0.0	image	image		Node	antibody_name	antibody_name		short descriptive name for this antibody	Property			string					4588605	1 00					
	pihl	CDS Batch 2	205	CDS Data Model		3.0.0	image	image		Node	rrid_identifier	rrid_identifier		Research Resource Identifier	Property			string							image				
	pihl	CDS Batch 2	206	CDS Data Model		3.0.0	image	image		Node	fluorophore	fluorophore		Fluorescent dye label	Property			string							image				
	pihl	CDS Batch 2	207	CDS Data Model		3.0.0	image	image		Node	clone	clone		Unique clone identifier	Property			string							image				
	pihl	CDS Batch 2	208	CDS Data Model		3.0.0	image	image		Node	lot	lot		lot number from vendor	Property			string							image				
	pihl	CDS Batch 2	209	CDS Data Model		3.0.0	image	image		Node	vendor	vendor		Vendor name	Property			string							image				
	pihl	CDS Batch 2	210	CDS Data Model		3.0.0	image	image		Node	catalog_number	catalog_number		catalog number from vendor	Property			string							image				
	pihl	CDS Batch 2	211	CDS Data Model		3.0.0	image	image		Node	excitation_wavelength	excitation_wavelength		center peak of the excitation spectrum nm 	Property			string							image				
	pihl	CDS Batch 2	212	CDS Data Model		3.0.0	image	image		Node	emission_wavelength	emission_wavelength		center peak of the emission spectrum nm 	Property			string							image				
	pihl	CDS Batch 2	213	CDS Data Model		3.0.0	image	image		Node	excitation_bandwidth	excitation_bandwidth		nominal width of excitation spectrum nm 	Property			string							image				
	pihl	CDS Batch 2	214	CDS Data Model		3.0.0	image	image		Node	emission_bandwidth	emission_bandwidth		nominal width of emission spectrum nm 	Property			string							image				
	pihl	CDS Batch 2	215	CDS Data Model		3.0.0	image	image		Node	metal_isotope_element	metal_isotope_element		Element mass number	Property			string							image				
	pihl	CDS Batch 2	216	CDS Data Model		3.0.0	image	image		Node	oligo_barcode_upper_strand	oligo_barcode_upper_strand		DNA barcode used for labeling	Property			string							image				
	pihl	CDS Batch 2	217	CDS Data Model		3.0.0	image	image		Node	oligo_barcode_lower_strand	oligo_barcode_lower_strand		DNA barcode used for labeling	Property			string							image				
	pihl	CDS Batch 2	218	CDS Data Model		3.0.0	image	image		Node	diluation	diluation		Final dilution ratio used in experiment	Property			string							image				
	pihl	CDS Batch 2	219	CDS Data Model		3.0.0	image	image		Node	concentration	concentration		Final concentration used in experiment	Property			string							image				
	pihl	CDS Batch 2	220	CDS Data Model		3.0.0	image	image		Node	passes_qc	passes_qc		Identify stains that did not pass QC but are included in the dataset 	Property			string							image				
	pihl	CDS Batch 2	221	CDS Data Model		3.0.0	image	image		Node	crdc_id	crdc_id		The crdc_id is a unique identifier that is generated by Data Hub	Property			string							image				
